Outer Slice Turn, , ,Inner Slice Turn, 
Time (ms),Moves/sec (m),Time (ms),Moves/sec (m)
143.477,6.96974,99.3179,10.0687
129.967,7.69427,105.132,9.51186
128.674,7.7716,99.3862,10.0618
127.958,7.81506,98.1843,10.1849
130.429,7.66699,92.8477,10.7703
125.843,7.94641,97.9987,10.2042
124.301,8.04498,102.571,9.74931
124.68,8.02052,98.0397,10.1999
126.693,7.89309,99.0203,10.0989
123.137,8.12103,96.3522,10.3786
