Outer Slice Turn, , ,Inner Slice Turn, 
Time (ms),Moves/sec (m),Time (ms),Moves/sec (m)
1743.48,0.573564,879.965,1.13641
1813.02,0.551566,835.044,1.19754
1735.39,0.576239,842.331,1.18718
1884.58,0.530622,1017.99,0.982329
2164.25,0.462055,1159.95,0.862109
3126.18,0.319879,1064.84,0.939105
2196.24,0.455324,1715.98,0.582757
2373.84,0.421258,1141.81,0.875806
2301.85,0.434434,1099.52,0.909489
2228.45,0.448743,1099.55,0.909461
