{
	"class_name" : "PinholeCameraParameters",
	"extrinsic" : 
	[
		-0.72028789419265427,
		0.36437866879089137,
		0.5902656480007028,
		0.0,
		0.013270243202153809,
		-0.84353121752554228,
		0.53691618126597007,
		0.0,
		0.69354830410351909,
		0.39456719426487324,
		0.6027499308047064,
		0.0,
		-0.028027280402008969,
		0.30762885054921218,
		12.925116142138666,
		1.0
	],
	"intrinsic" : 
	{
		"height" : 500,
		"intrinsic_matrix" : 
		[
			861.6952767655165,
			0.0,
			0.0,
			0.0,
			861.6952767655165,
			0.0,
			249.5,
			249.5,
			1.0
		],
		"width" : 500
	},
	"version_major" : 1,
	"version_minor" : 0
}