{
	"class_name" : "PinholeCameraParameters",
	"extrinsic" : 
	[
		0.70338883395376484,
		0.39791453192993398,
		-0.58898911157010769,
		0.0,
		-0.0010296577453569042,
		-0.82805104018125042,
		-0.56065177664899701,
		0.0,
		-0.71080453577202962,
		0.39496265663190366,
		-0.58203213982750002,
		0.0,
		-0.10369213448411774,
		-0.2517925051024541,
		12.762650111751041,
		1.0
	],
	"intrinsic" : 
	{
		"height" : 500,
		"intrinsic_matrix" : 
		[
			861.6952767655165,
			0.0,
			0.0,
			0.0,
			861.6952767655165,
			0.0,
			249.5,
			249.5,
			1.0
		],
		"width" : 500
	},
	"version_major" : 1,
	"version_minor" : 0
}